name;group;id;url
1ea46e5f97cbb96d06a5d0d3d373c0196c0c4f41;Commits;0;https:\\github.com\schacon\ticgit\commit\1ea46e5f97cbb96d06a5d0d3d373c0196c0c4f41
4a11e7a967efe5ef9eea241600277b029c3f332c;Commits;1;https:\\github.com\schacon\ticgit\commit\4a11e7a967efe5ef9eea241600277b029c3f332c
e0f2b435ddf78cb9e461919be20bde14a80d809b;Commits;2;https:\\github.com\schacon\ticgit\commit\e0f2b435ddf78cb9e461919be20bde14a80d809b
57ff27e039199a18955a8495caaceb1a72e90f11;Commits;3;https:\\github.com\schacon\ticgit\commit\57ff27e039199a18955a8495caaceb1a72e90f11
1505ab5fa33b42f244ceef18d86ab715be691c91;Commits;4;https:\\github.com\schacon\ticgit\commit\1505ab5fa33b42f244ceef18d86ab715be691c91
f79be4751e51a7af8525c887b7e9205f8d848fb5;Commits;5;https:\\github.com\schacon\ticgit\commit\f79be4751e51a7af8525c887b7e9205f8d848fb5
a0c65e2f35829cbfb5ada535958b4b826c7c19e1;Commits;6;https:\\github.com\schacon\ticgit\commit\a0c65e2f35829cbfb5ada535958b4b826c7c19e1
d649442aa5658b5f6adff5ad8b3fcc782a395823;Commits;7;https:\\github.com\schacon\ticgit\commit\d649442aa5658b5f6adff5ad8b3fcc782a395823
a8a53024dee4fe9df8c5e4a47275b3813290fa44;Commits;8;https:\\github.com\schacon\ticgit\commit\a8a53024dee4fe9df8c5e4a47275b3813290fa44
a4a1aff40ba4604682cfd62e5239bd120b82b851;Commits;9;https:\\github.com\schacon\ticgit\commit\a4a1aff40ba4604682cfd62e5239bd120b82b851
915331e29e2f6a0910133ff5923bd5789de7cbdd;Commits;10;https:\\github.com\schacon\ticgit\commit\915331e29e2f6a0910133ff5923bd5789de7cbdd
bda588471b58e02928d5fdc9e41855f8a2ec8fd4;Commits;11;https:\\github.com\schacon\ticgit\commit\bda588471b58e02928d5fdc9e41855f8a2ec8fd4
d9887da5083e75938a12021fc6b5fac09b5c5f48;Commits;12;https:\\github.com\schacon\ticgit\commit\d9887da5083e75938a12021fc6b5fac09b5c5f48
f496146353247138a7251590762364a2cc82f1c9;Commits;13;https:\\github.com\schacon\ticgit\commit\f496146353247138a7251590762364a2cc82f1c9
4e2415a44e6fd2f66e0e2d95a7a96faed3518917;Commits;14;https:\\github.com\schacon\ticgit\commit\4e2415a44e6fd2f66e0e2d95a7a96faed3518917
3706cdaeb4cb87c2768945f276cd36d5e56ec4f1;Commits;15;https:\\github.com\schacon\ticgit\commit\3706cdaeb4cb87c2768945f276cd36d5e56ec4f1
11d72bdb9d762bf559269049ad0f662a45cbf819;Commits;16;https:\\github.com\schacon\ticgit\commit\11d72bdb9d762bf559269049ad0f662a45cbf819
d08e6bc35ee44738a6663928e217155e6b566c07;Commits;17;https:\\github.com\schacon\ticgit\commit\d08e6bc35ee44738a6663928e217155e6b566c07
1dc7bbc18536ccc6084ec458f7134ed09fb3fb4e;Commits;18;https:\\github.com\schacon\ticgit\commit\1dc7bbc18536ccc6084ec458f7134ed09fb3fb4e
00750c43206b0459328f779944427f24f5c1dc59;Commits;19;https:\\github.com\schacon\ticgit\commit\00750c43206b0459328f779944427f24f5c1dc59
4af388d0b44df2121e4db6562f422f2338d9abc8;Commits;20;https:\\github.com\schacon\ticgit\commit\4af388d0b44df2121e4db6562f422f2338d9abc8
e04590179de2f976530100188cadfc202af0e7a2;Commits;21;https:\\github.com\schacon\ticgit\commit\e04590179de2f976530100188cadfc202af0e7a2
2619736c7e64af90adfc4fa0bf031821a6f54305;Commits;22;https:\\github.com\schacon\ticgit\commit\2619736c7e64af90adfc4fa0bf031821a6f54305
3036e14aeeaaf17cac555e042812fb99ea6cf632;Commits;23;https:\\github.com\schacon\ticgit\commit\3036e14aeeaaf17cac555e042812fb99ea6cf632
d07cbbba6350058bcaca6b300e87deb0985c81c5;Commits;24;https:\\github.com\schacon\ticgit\commit\d07cbbba6350058bcaca6b300e87deb0985c81c5
51b09b7fd349786b658be76eee34380bd49c1270;Commits;25;https:\\github.com\schacon\ticgit\commit\51b09b7fd349786b658be76eee34380bd49c1270
4f36bdf074533e62744e745717447b4057b8c9b7;Commits;26;https:\\github.com\schacon\ticgit\commit\4f36bdf074533e62744e745717447b4057b8c9b7
92116b82214d055422d75e1b933a7ebfd2fb69e5;Commits;27;https:\\github.com\schacon\ticgit\commit\92116b82214d055422d75e1b933a7ebfd2fb69e5
4cfbea2bcdf967b752de6b60f6930dc18465432c;Commits;28;https:\\github.com\schacon\ticgit\commit\4cfbea2bcdf967b752de6b60f6930dc18465432c
628360cfd4c0a855cac9412313028fbdee20827e;Commits;29;https:\\github.com\schacon\ticgit\commit\628360cfd4c0a855cac9412313028fbdee20827e
9a36c1faf53bf2e7fd02e83fc252bef288b3d5b3;Commits;30;https:\\github.com\schacon\ticgit\commit\9a36c1faf53bf2e7fd02e83fc252bef288b3d5b3
573fba33858ce4d1724690d875fa840cf21078df;Commits;31;https:\\github.com\schacon\ticgit\commit\573fba33858ce4d1724690d875fa840cf21078df
befc50524c4673d68015576c40a29b9328778de3;Commits;32;https:\\github.com\schacon\ticgit\commit\befc50524c4673d68015576c40a29b9328778de3
0bbf04ee65dbd905b69d9e30dbbd35af0dfc3d9a;Commits;33;https:\\github.com\schacon\ticgit\commit\0bbf04ee65dbd905b69d9e30dbbd35af0dfc3d9a
d75ad827ce8c16ae4c296ed5e159f5d01100865e;Commits;34;https:\\github.com\schacon\ticgit\commit\d75ad827ce8c16ae4c296ed5e159f5d01100865e
88d92d3cd2572781d1d761dbde8a1ae3c94f6048;Commits;35;https:\\github.com\schacon\ticgit\commit\88d92d3cd2572781d1d761dbde8a1ae3c94f6048
fa42c651fa6726bcbb67f1682e5c56ed9161bf40;Commits;36;https:\\github.com\schacon\ticgit\commit\fa42c651fa6726bcbb67f1682e5c56ed9161bf40
46b202f6cf946a44d65e10cc29255fd2a6954133;Commits;37;https:\\github.com\schacon\ticgit\commit\46b202f6cf946a44d65e10cc29255fd2a6954133
6c357e693042a7f1eafee1a7dfd3ae8030e553e8;Commits;38;https:\\github.com\schacon\ticgit\commit\6c357e693042a7f1eafee1a7dfd3ae8030e553e8
8b60b14686776e756c389fde423991ca9fe353cc;Commits;39;https:\\github.com\schacon\ticgit\commit\8b60b14686776e756c389fde423991ca9fe353cc
bf57b032e030bd16a7b2bb3e95ee007b17147759;Commits;40;https:\\github.com\schacon\ticgit\commit\bf57b032e030bd16a7b2bb3e95ee007b17147759
7570dcc3fcf344d33f9203295b6a44d3e6bc1441;Commits;41;https:\\github.com\schacon\ticgit\commit\7570dcc3fcf344d33f9203295b6a44d3e6bc1441
55a829ed7295ca29d1124dd2f2f49e42db5d587e;Commits;42;https:\\github.com\schacon\ticgit\commit\55a829ed7295ca29d1124dd2f2f49e42db5d587e
d6de4527fc72104a98be39f0d3fc275eb8b9747a;Commits;43;https:\\github.com\schacon\ticgit\commit\d6de4527fc72104a98be39f0d3fc275eb8b9747a
64913ea0d6606546eed02a7141000b8a1e51b05f;Commits;44;https:\\github.com\schacon\ticgit\commit\64913ea0d6606546eed02a7141000b8a1e51b05f
b5fdf19ad653997854e8efbcce1c5db1657a5d4b;Commits;45;https:\\github.com\schacon\ticgit\commit\b5fdf19ad653997854e8efbcce1c5db1657a5d4b
fb3f1ec860851132e00c4cf80d4c297d9bddd645;Commits;46;https:\\github.com\schacon\ticgit\commit\fb3f1ec860851132e00c4cf80d4c297d9bddd645
247110b08d998db2608a4517f69e89ca028055c1;Commits;47;https:\\github.com\schacon\ticgit\commit\247110b08d998db2608a4517f69e89ca028055c1
15a8e649c9e63d5b391d9be25d4110596d758288;Commits;48;https:\\github.com\schacon\ticgit\commit\15a8e649c9e63d5b391d9be25d4110596d758288
dc872d853017accbb1d4f3a957b50cc37ddb45e0;Commits;49;https:\\github.com\schacon\ticgit\commit\dc872d853017accbb1d4f3a957b50cc37ddb45e0
114be8cb8d923f1ec727f4ca160f9feb8c24a4eb;Commits;50;https:\\github.com\schacon\ticgit\commit\114be8cb8d923f1ec727f4ca160f9feb8c24a4eb
9aea93a61bea46a3783c26c9a790a3f8bb1a705e;Commits;51;https:\\github.com\schacon\ticgit\commit\9aea93a61bea46a3783c26c9a790a3f8bb1a705e
e290c3a117d5221c80547676ee3636663e0f285b;Commits;52;https:\\github.com\schacon\ticgit\commit\e290c3a117d5221c80547676ee3636663e0f285b
470d7afa8de9aa612cf711a7c07d702bdbcc3a1d;Commits;53;https:\\github.com\schacon\ticgit\commit\470d7afa8de9aa612cf711a7c07d702bdbcc3a1d
a3976274abcd55ed81801dd5027b6c12b29277e8;Commits;54;https:\\github.com\schacon\ticgit\commit\a3976274abcd55ed81801dd5027b6c12b29277e8
0d16989d041a7443c0a0f6e9799d0eba6c030a5c;Commits;55;https:\\github.com\schacon\ticgit\commit\0d16989d041a7443c0a0f6e9799d0eba6c030a5c
54b71625cae2b9b9d61618dcef50445b53fa46f6;Commits;56;https:\\github.com\schacon\ticgit\commit\54b71625cae2b9b9d61618dcef50445b53fa46f6
7f8665bc490e437d2e9081d22d9d755e2616dde2;Commits;57;https:\\github.com\schacon\ticgit\commit\7f8665bc490e437d2e9081d22d9d755e2616dde2
26ff53713f4673ce95c6f009057d858cfbb9583f;Commits;58;https:\\github.com\schacon\ticgit\commit\26ff53713f4673ce95c6f009057d858cfbb9583f
8c8d53bcd333ed77cc044c394e0ba6af507dfe82;Commits;59;https:\\github.com\schacon\ticgit\commit\8c8d53bcd333ed77cc044c394e0ba6af507dfe82
678723573f491cd0011a00866bfdbc72f8d6a4f4;Commits;60;https:\\github.com\schacon\ticgit\commit\678723573f491cd0011a00866bfdbc72f8d6a4f4
dd820e91143e94923d563b8bc3a74331ff1c283e;Commits;61;https:\\github.com\schacon\ticgit\commit\dd820e91143e94923d563b8bc3a74331ff1c283e
afe9086172851d33db595f0afb08fd8e90a82045;Commits;62;https:\\github.com\schacon\ticgit\commit\afe9086172851d33db595f0afb08fd8e90a82045
7a130e112707fe0a3ec9e0181b1479e1d3308f03;Commits;63;https:\\github.com\schacon\ticgit\commit\7a130e112707fe0a3ec9e0181b1479e1d3308f03
a0b8467e3bd2a6ec4bcf3474178223e18eb897b2;Commits;64;https:\\github.com\schacon\ticgit\commit\a0b8467e3bd2a6ec4bcf3474178223e18eb897b2
500db3a24bfb3dfb4c5b64b4ce55ed01f69a9ba2;Commits;65;https:\\github.com\schacon\ticgit\commit\500db3a24bfb3dfb4c5b64b4ce55ed01f69a9ba2
37092ec5e38287b98b6b3d52bb4c0a0ae2d776b0;Commits;66;https:\\github.com\schacon\ticgit\commit\37092ec5e38287b98b6b3d52bb4c0a0ae2d776b0
a7355e2ae8feade98cc4bbecb2e9fb9d04455c3b;Commits;67;https:\\github.com\schacon\ticgit\commit\a7355e2ae8feade98cc4bbecb2e9fb9d04455c3b
5a8d7b13af39ea4e08b2e45fac4d1f208ed965e4;Commits;68;https:\\github.com\schacon\ticgit\commit\5a8d7b13af39ea4e08b2e45fac4d1f208ed965e4
f8b417a74d5680870324ecb9239278adba7b8944;Commits;69;https:\\github.com\schacon\ticgit\commit\f8b417a74d5680870324ecb9239278adba7b8944
38e391f61380ed093b8c8b2e2fe9843f181608e0;Commits;70;https:\\github.com\schacon\ticgit\commit\38e391f61380ed093b8c8b2e2fe9843f181608e0
e8ef2a63f0ea396ed008b921c0e6fa10cc08d6e2;Commits;71;https:\\github.com\schacon\ticgit\commit\e8ef2a63f0ea396ed008b921c0e6fa10cc08d6e2
947b8400c9c69b6551f5f02a946b38483e043034;Commits;72;https:\\github.com\schacon\ticgit\commit\947b8400c9c69b6551f5f02a946b38483e043034
2f26653650ea9b53338fdbc3e6029495168193a5;Commits;73;https:\\github.com\schacon\ticgit\commit\2f26653650ea9b53338fdbc3e6029495168193a5
e943f0ff2ed8a0b2057ad3017a474a2838b98599;Commits;74;https:\\github.com\schacon\ticgit\commit\e943f0ff2ed8a0b2057ad3017a474a2838b98599
6424486067bef3e40b304cc073ea26bf06544748;Commits;75;https:\\github.com\schacon\ticgit\commit\6424486067bef3e40b304cc073ea26bf06544748
01802f0479e45980d019f8d589b524a05b109cb5;Commits;76;https:\\github.com\schacon\ticgit\commit\01802f0479e45980d019f8d589b524a05b109cb5
c35cf15c557c1d2913160cc873752412b678b6bd;Commits;77;https:\\github.com\schacon\ticgit\commit\c35cf15c557c1d2913160cc873752412b678b6bd
c6b3a3063cccc16eb9219e98cca12c2295f91f11;Commits;78;https:\\github.com\schacon\ticgit\commit\c6b3a3063cccc16eb9219e98cca12c2295f91f11
81b5c211ec77c0c5bcdd5ef9a98b3c7df9c9931e;Commits;79;https:\\github.com\schacon\ticgit\commit\81b5c211ec77c0c5bcdd5ef9a98b3c7df9c9931e
aa64e52f8211489afe249224ac22fecd594f2021;Commits;80;https:\\github.com\schacon\ticgit\commit\aa64e52f8211489afe249224ac22fecd594f2021
b429ad8a6dffac2d67eca5fca56a6e92badc1b3f;Commits;81;https:\\github.com\schacon\ticgit\commit\b429ad8a6dffac2d67eca5fca56a6e92badc1b3f
b9b68423a569c5a90f2d4d28e9d2c293b68fbd50;Commits;82;https:\\github.com\schacon\ticgit\commit\b9b68423a569c5a90f2d4d28e9d2c293b68fbd50
024bec3b0e93d06867aefaaf09758e95f68347d8;Commits;83;https:\\github.com\schacon\ticgit\commit\024bec3b0e93d06867aefaaf09758e95f68347d8
9530e622562141f66d8035e26803d984ba2d74a5;Commits;84;https:\\github.com\schacon\ticgit\commit\9530e622562141f66d8035e26803d984ba2d74a5
1ab0b8d80c677aa636d47a502cfaaf9d71bb5f8b;Commits;85;https:\\github.com\schacon\ticgit\commit\1ab0b8d80c677aa636d47a502cfaaf9d71bb5f8b
ffc8b57c23b3decf9f7637668d40b1496eb57f4e;Commits;86;https:\\github.com\schacon\ticgit\commit\ffc8b57c23b3decf9f7637668d40b1496eb57f4e
ddf128ff98ceef4f3a2f57ceacec78e36aad7402;Commits;87;https:\\github.com\schacon\ticgit\commit\ddf128ff98ceef4f3a2f57ceacec78e36aad7402
8d430f0ed32254c07a217b9c505947bd8bbb7bdd;Commits;88;https:\\github.com\schacon\ticgit\commit\8d430f0ed32254c07a217b9c505947bd8bbb7bdd
2bad4dfc42a78d61f68272f90e10c36eca118589;Commits;89;https:\\github.com\schacon\ticgit\commit\2bad4dfc42a78d61f68272f90e10c36eca118589
0eb5cc53ec141f028d6b2c7d80e90cbba847afa1;Commits;90;https:\\github.com\schacon\ticgit\commit\0eb5cc53ec141f028d6b2c7d80e90cbba847afa1
3cfb3df2db9ccc09321b4004d3d44e85b7446e52;Commits;91;https:\\github.com\schacon\ticgit\commit\3cfb3df2db9ccc09321b4004d3d44e85b7446e52
239af092bb4da8f408d0f5417d8dcc4463c16fc0;Commits;92;https:\\github.com\schacon\ticgit\commit\239af092bb4da8f408d0f5417d8dcc4463c16fc0
43d32a745ee24bfaeb6f0fccf1b3a20cc8925c3e;Commits;93;https:\\github.com\schacon\ticgit\commit\43d32a745ee24bfaeb6f0fccf1b3a20cc8925c3e
35199248dbb60027b99ffc96b1414a736f280188;Commits;94;https:\\github.com\schacon\ticgit\commit\35199248dbb60027b99ffc96b1414a736f280188
020ae8995e9fdd5c4599e6374b8b3025cf547f16;Commits;95;https:\\github.com\schacon\ticgit\commit\020ae8995e9fdd5c4599e6374b8b3025cf547f16
171a4d24b32a57745c2c1ca8b373341e8c0887f2;Commits;96;https:\\github.com\schacon\ticgit\commit\171a4d24b32a57745c2c1ca8b373341e8c0887f2
0257e6bafb6f410a0cf11ca15fd6090e42ecb33e;Commits;97;https:\\github.com\schacon\ticgit\commit\0257e6bafb6f410a0cf11ca15fd6090e42ecb33e
61fc637a183e8652be42ce3adf73ad208d680c90;Commits;98;https:\\github.com\schacon\ticgit\commit\61fc637a183e8652be42ce3adf73ad208d680c90
78206b7b381b72b7f693c53d6df6fe90d689a2e3;Commits;99;https:\\github.com\schacon\ticgit\commit\78206b7b381b72b7f693c53d6df6fe90d689a2e3
8e2dad2a81e516bf3ac429b8d311acc2fa23b4f0;Commits;100;https:\\github.com\schacon\ticgit\commit\8e2dad2a81e516bf3ac429b8d311acc2fa23b4f0
604aa4bab9c08ed416776c1e49d6d6402aebcc42;Commits;101;https:\\github.com\schacon\ticgit\commit\604aa4bab9c08ed416776c1e49d6d6402aebcc42
33882075eaccb10f96112a456b3962cb2606c7b0;Commits;102;https:\\github.com\schacon\ticgit\commit\33882075eaccb10f96112a456b3962cb2606c7b0
7388386fab4fb12c36e6eeb7d19eaa4e4b16b853;Commits;103;https:\\github.com\schacon\ticgit\commit\7388386fab4fb12c36e6eeb7d19eaa4e4b16b853
d83b4fb0cd1b2154dc2559cf5cdfa4402a0e6373;Commits;104;https:\\github.com\schacon\ticgit\commit\d83b4fb0cd1b2154dc2559cf5cdfa4402a0e6373
076b89943bb0362108a02f51abab84abae1b361a;Commits;105;https:\\github.com\schacon\ticgit\commit\076b89943bb0362108a02f51abab84abae1b361a
2290884f17cb5131b7e136da33c8355738306ae3;Commits;106;https:\\github.com\schacon\ticgit\commit\2290884f17cb5131b7e136da33c8355738306ae3
90eea2d72a150d9f8304dd099742d932cbefc0f0;Commits;107;https:\\github.com\schacon\ticgit\commit\90eea2d72a150d9f8304dd099742d932cbefc0f0
004382b6ea87b53056c1515906ee53f8e980dd78;Commits;108;https:\\github.com\schacon\ticgit\commit\004382b6ea87b53056c1515906ee53f8e980dd78
7ad099715f03b755ae9d65f171298d2b48f71f1e;Commits;109;https:\\github.com\schacon\ticgit\commit\7ad099715f03b755ae9d65f171298d2b48f71f1e
d4e2dde83c77a02899af9d2f0b16bf26dfa03d1e;Commits;110;https:\\github.com\schacon\ticgit\commit\d4e2dde83c77a02899af9d2f0b16bf26dfa03d1e
b20d53c66793e181ac485502595a445e87d11207;Commits;111;https:\\github.com\schacon\ticgit\commit\b20d53c66793e181ac485502595a445e87d11207
73c31b58748fe24ea58c141ef5f1e2d7d8386c2b;Commits;112;https:\\github.com\schacon\ticgit\commit\73c31b58748fe24ea58c141ef5f1e2d7d8386c2b
733dec01d2d3f9a1782a7d4e9d331037e9c4b002;Commits;113;https:\\github.com\schacon\ticgit\commit\733dec01d2d3f9a1782a7d4e9d331037e9c4b002
b7ddb247f10328bacd31e528f14fe28c7a84c8e5;Commits;114;https:\\github.com\schacon\ticgit\commit\b7ddb247f10328bacd31e528f14fe28c7a84c8e5
31ef06ac6215b909bab4d6442f969868dd2e351e;Commits;115;https:\\github.com\schacon\ticgit\commit\31ef06ac6215b909bab4d6442f969868dd2e351e
112e4272d6fb5c48b7f7cffee93129d33adb9f78;Commits;116;https:\\github.com\schacon\ticgit\commit\112e4272d6fb5c48b7f7cffee93129d33adb9f78
38bf3764ed4ce7d59faa9ff0559dd58c8c8328bb;Commits;117;https:\\github.com\schacon\ticgit\commit\38bf3764ed4ce7d59faa9ff0559dd58c8c8328bb
39ad507c913a2774e772c19f9e1f182d83e55983;Commits;118;https:\\github.com\schacon\ticgit\commit\39ad507c913a2774e772c19f9e1f182d83e55983
a7db17c21a8c4f0927d4747c09f4af7963a58870;Commits;119;https:\\github.com\schacon\ticgit\commit\a7db17c21a8c4f0927d4747c09f4af7963a58870
46b5391173651e4eb004dac074c92c904be33d93;Commits;120;https:\\github.com\schacon\ticgit\commit\46b5391173651e4eb004dac074c92c904be33d93
f7eb3a825452c4b50d0c891c7ae71e17c84fa865;Commits;121;https:\\github.com\schacon\ticgit\commit\f7eb3a825452c4b50d0c891c7ae71e17c84fa865
f0b008461083df65c3feef36049780456541f99d;Commits;122;https:\\github.com\schacon\ticgit\commit\f0b008461083df65c3feef36049780456541f99d
7fb976451df7f5426b96c0c04897045254c0431c;Commits;123;https:\\github.com\schacon\ticgit\commit\7fb976451df7f5426b96c0c04897045254c0431c
d707b1ba389171cb2ed3e10cecfb59024c64375e;Commits;124;https:\\github.com\schacon\ticgit\commit\d707b1ba389171cb2ed3e10cecfb59024c64375e
ed60143c2a0688ffbe0f6b37228d3f0f67bf79d9;Commits;125;https:\\github.com\schacon\ticgit\commit\ed60143c2a0688ffbe0f6b37228d3f0f67bf79d9
fdf8e336c050ed5768ca4f52c81b6042839ff0a4;Commits;126;https:\\github.com\schacon\ticgit\commit\fdf8e336c050ed5768ca4f52c81b6042839ff0a4
4fc5500c21f5964e6f525b97db76a875a393c5f8;Commits;127;https:\\github.com\schacon\ticgit\commit\4fc5500c21f5964e6f525b97db76a875a393c5f8
c2898cc3e9456ede49b48cf15a9a8d22389eae07;Commits;128;https:\\github.com\schacon\ticgit\commit\c2898cc3e9456ede49b48cf15a9a8d22389eae07
a132ae49b171e50151d831ba9c6a529d511f1d66;Commits;129;https:\\github.com\schacon\ticgit\commit\a132ae49b171e50151d831ba9c6a529d511f1d66
da4f0dcdb020b8808567fe08d1fdb4c89118721d;Commits;130;https:\\github.com\schacon\ticgit\commit\da4f0dcdb020b8808567fe08d1fdb4c89118721d
31db5151f52c16c02aa7a65fa8a514317ddb8b85;Commits;131;https:\\github.com\schacon\ticgit\commit\31db5151f52c16c02aa7a65fa8a514317ddb8b85
d94e91cfe0de7936c00746fac7f5cb085091425c;Commits;132;https:\\github.com\schacon\ticgit\commit\d94e91cfe0de7936c00746fac7f5cb085091425c
a3e04c7d3d13ca0a2bfd24ff7c6309dffc4142d2;Commits;133;https:\\github.com\schacon\ticgit\commit\a3e04c7d3d13ca0a2bfd24ff7c6309dffc4142d2
eac5781d9342db51cc5cecace650e74a896e393c;Commits;134;https:\\github.com\schacon\ticgit\commit\eac5781d9342db51cc5cecace650e74a896e393c
4466cb5f96aef690262e770fbde7153c6c381dec;Commits;135;https:\\github.com\schacon\ticgit\commit\4466cb5f96aef690262e770fbde7153c6c381dec
c8d72c6ff2cec39bfdf1379293180d3320943468;Commits;136;https:\\github.com\schacon\ticgit\commit\c8d72c6ff2cec39bfdf1379293180d3320943468
1baa0967fae588f649e83ae3fe20801f838045f7;Commits;137;https:\\github.com\schacon\ticgit\commit\1baa0967fae588f649e83ae3fe20801f838045f7
0827c5740d3ca39780afd8bbd9ceef63f488349e;Commits;138;https:\\github.com\schacon\ticgit\commit\0827c5740d3ca39780afd8bbd9ceef63f488349e
85c572a3cb7cca7e711e93b03f50f97ea6c4a0ff;Commits;139;https:\\github.com\schacon\ticgit\commit\85c572a3cb7cca7e711e93b03f50f97ea6c4a0ff
d635308df937c0148738c8eeaa39bfc2bbcc31f8;Commits;140;https:\\github.com\schacon\ticgit\commit\d635308df937c0148738c8eeaa39bfc2bbcc31f8
14cc9552cc38a1ec8e9d8877461b7ae2dda580aa;Commits;141;https:\\github.com\schacon\ticgit\commit\14cc9552cc38a1ec8e9d8877461b7ae2dda580aa
74b835f70b3228258bc1442a1a464155efddd3d8;Commits;142;https:\\github.com\schacon\ticgit\commit\74b835f70b3228258bc1442a1a464155efddd3d8
d8d44939d0fa0c4dbfd56b0a9f10b986b05854d7;Commits;143;https:\\github.com\schacon\ticgit\commit\d8d44939d0fa0c4dbfd56b0a9f10b986b05854d7
1f859778edf175e08d0bd1c563054800f9dcc9c3;Commits;144;https:\\github.com\schacon\ticgit\commit\1f859778edf175e08d0bd1c563054800f9dcc9c3
aeaf3eab56975cb21418a4bf62627e6ad1fb297f;Commits;145;https:\\github.com\schacon\ticgit\commit\aeaf3eab56975cb21418a4bf62627e6ad1fb297f
45bc41251f175c12acd5d443a19213c6fea3ff5c;Commits;146;https:\\github.com\schacon\ticgit\commit\45bc41251f175c12acd5d443a19213c6fea3ff5c
a6bf742fc81820b7deab9a35f8d6ef9cb56eedbb;Commits;147;https:\\github.com\schacon\ticgit\commit\a6bf742fc81820b7deab9a35f8d6ef9cb56eedbb
e26d4b7150c216899b0d4ee3f1fd61cf69ab8a5d;Commits;148;https:\\github.com\schacon\ticgit\commit\e26d4b7150c216899b0d4ee3f1fd61cf69ab8a5d
d09ed5b26d411237009bdf75b9e52b7afd232b9e;Commits;149;https:\\github.com\schacon\ticgit\commit\d09ed5b26d411237009bdf75b9e52b7afd232b9e
2d0f1a600d42af38c364f67f783838178b84410b;Commits;150;https:\\github.com\schacon\ticgit\commit\2d0f1a600d42af38c364f67f783838178b84410b
f7d590494d2a7ae288ea6609b180489e13291bee;Commits;151;https:\\github.com\schacon\ticgit\commit\f7d590494d2a7ae288ea6609b180489e13291bee
db64468536fa9c6d89b9911822267c424fc63ae1;Commits;152;https:\\github.com\schacon\ticgit\commit\db64468536fa9c6d89b9911822267c424fc63ae1
a4b8ca037c1d61dfbf1addb8146ac5770285bc17;Commits;153;https:\\github.com\schacon\ticgit\commit\a4b8ca037c1d61dfbf1addb8146ac5770285bc17
751c190571da1ae0600f5614d2e9dd77a0fe5d8c;Commits;154;https:\\github.com\schacon\ticgit\commit\751c190571da1ae0600f5614d2e9dd77a0fe5d8c
7eab3a0457ad8ea2cb79c06568628bae56cadca1;Commits;155;https:\\github.com\schacon\ticgit\commit\7eab3a0457ad8ea2cb79c06568628bae56cadca1
1e57ba7cbbf28dddc9bd9871d5df330eb73f016b;Commits;156;https:\\github.com\schacon\ticgit\commit\1e57ba7cbbf28dddc9bd9871d5df330eb73f016b
fe0c97968c397f0e62d38df44b9a14cf49d3a8e6;Commits;157;https:\\github.com\schacon\ticgit\commit\fe0c97968c397f0e62d38df44b9a14cf49d3a8e6
b2015390494e8ae2e10393c95df89ee44ce4ec1a;Commits;158;https:\\github.com\schacon\ticgit\commit\b2015390494e8ae2e10393c95df89ee44ce4ec1a
a66a27dab8e2b416eecf2499b173e5a1c88814fd;Commits;159;https:\\github.com\schacon\ticgit\commit\a66a27dab8e2b416eecf2499b173e5a1c88814fd
4153b8342459a8676080d9479c363dfb20ded0ee;Commits;160;https:\\github.com\schacon\ticgit\commit\4153b8342459a8676080d9479c363dfb20ded0ee
913127a2a36c84d6c6281a6e0f379930b6dbf460;Commits;161;https:\\github.com\schacon\ticgit\commit\913127a2a36c84d6c6281a6e0f379930b6dbf460
42dec327cb39ac00ea9d411635840218f678416b;Commits;162;https:\\github.com\schacon\ticgit\commit\42dec327cb39ac00ea9d411635840218f678416b
18bec2f5390384e85961c91ee892de082f7edaef;Commits;163;https:\\github.com\schacon\ticgit\commit\18bec2f5390384e85961c91ee892de082f7edaef
9b63ffa17d719b8d2a580dcc3939cc9362b4f7ba;Commits;164;https:\\github.com\schacon\ticgit\commit\9b63ffa17d719b8d2a580dcc3939cc9362b4f7ba
5d00ca44d195e196101075f73c9dfe48dad5bcc4;Commits;165;https:\\github.com\schacon\ticgit\commit\5d00ca44d195e196101075f73c9dfe48dad5bcc4
a27b9d63feeaa9b37a60748b8f17c51f36173135;Commits;166;https:\\github.com\schacon\ticgit\commit\a27b9d63feeaa9b37a60748b8f17c51f36173135
d3e97b2ddbf6e17eb8377485c58c3811f4f2e054;Commits;167;https:\\github.com\schacon\ticgit\commit\d3e97b2ddbf6e17eb8377485c58c3811f4f2e054
4c31fec749a7247728825d9d60ab834ff91ad72d;Commits;168;https:\\github.com\schacon\ticgit\commit\4c31fec749a7247728825d9d60ab834ff91ad72d
2647aee01ac8b95c6e434c0dfe291a08477223bb;Commits;169;https:\\github.com\schacon\ticgit\commit\2647aee01ac8b95c6e434c0dfe291a08477223bb
756cc648aa8548c975b6d3350930a2de29018eb4;Commits;170;https:\\github.com\schacon\ticgit\commit\756cc648aa8548c975b6d3350930a2de29018eb4
083e620ade8b05402a63d1026692dcf1286eaffd;Commits;171;https:\\github.com\schacon\ticgit\commit\083e620ade8b05402a63d1026692dcf1286eaffd
87855c615e4cb6c77c4ef42ae35ba953a664a136;Commits;172;https:\\github.com\schacon\ticgit\commit\87855c615e4cb6c77c4ef42ae35ba953a664a136
c1c340747343f104046ab8b6a2c5eab38625169c;Commits;173;https:\\github.com\schacon\ticgit\commit\c1c340747343f104046ab8b6a2c5eab38625169c
3b7ef9382cfaac0c2bb7d58278ff972717ca5d2d;Commits;174;https:\\github.com\schacon\ticgit\commit\3b7ef9382cfaac0c2bb7d58278ff972717ca5d2d
0d954536b63574b0d36a2bd4581f0ddd1c2bd949;Commits;175;https:\\github.com\schacon\ticgit\commit\0d954536b63574b0d36a2bd4581f0ddd1c2bd949
d5a37607ea1834f066c5121889ddd443e0a40501;Commits;176;https:\\github.com\schacon\ticgit\commit\d5a37607ea1834f066c5121889ddd443e0a40501
63ddc9b2bb3e59abae322a157e8a13007c995bab;Commits;177;https:\\github.com\schacon\ticgit\commit\63ddc9b2bb3e59abae322a157e8a13007c995bab
520c7827b22e44ded829b12a30e48ffc4ebab387;Commits;178;https:\\github.com\schacon\ticgit\commit\520c7827b22e44ded829b12a30e48ffc4ebab387
a77b7e9d8f36791de8e63144c6c84cf4cadf7ade;Commits;179;https:\\github.com\schacon\ticgit\commit\a77b7e9d8f36791de8e63144c6c84cf4cadf7ade
fc6ad5422667682c6e1f5ab273d36cc0150379fc;Commits;180;https:\\github.com\schacon\ticgit\commit\fc6ad5422667682c6e1f5ab273d36cc0150379fc
f5c395014b960ce3ea6b36f779504bd2a9c5d89a;Commits;181;https:\\github.com\schacon\ticgit\commit\f5c395014b960ce3ea6b36f779504bd2a9c5d89a
dba3fb1987c70f7a002bc40cbbbcff9fa9346f82;Commits;182;https:\\github.com\schacon\ticgit\commit\dba3fb1987c70f7a002bc40cbbbcff9fa9346f82
a1515a99905b66a0d9ef28a77ac41ae352baa161;Commits;183;https:\\github.com\schacon\ticgit\commit\a1515a99905b66a0d9ef28a77ac41ae352baa161
e2d65870dcc4aea64dedba9714591efc080cec27;Commits;184;https:\\github.com\schacon\ticgit\commit\e2d65870dcc4aea64dedba9714591efc080cec27
6440074e466e9ae80b841c61c55e305eac39609c;Commits;185;https:\\github.com\schacon\ticgit\commit\6440074e466e9ae80b841c61c55e305eac39609c
709e0a9251e66f1396c71d5603fb2a60ad8d48a8;Commits;186;https:\\github.com\schacon\ticgit\commit\709e0a9251e66f1396c71d5603fb2a60ad8d48a8
1de35a219304726fc971386d632056147c6bbb23;Commits;187;https:\\github.com\schacon\ticgit\commit\1de35a219304726fc971386d632056147c6bbb23
a82cdd388861ab3959f5ff82271f6cc69bc6d383;Commits;188;https:\\github.com\schacon\ticgit\commit\a82cdd388861ab3959f5ff82271f6cc69bc6d383
7582e4af68bd3cfd444e167fbd7d4db46b0b5ad3;Commits;189;https:\\github.com\schacon\ticgit\commit\7582e4af68bd3cfd444e167fbd7d4db46b0b5ad3
8e1714f9509d0259334f8dad60960a363228fbc2;Commits;190;https:\\github.com\schacon\ticgit\commit\8e1714f9509d0259334f8dad60960a363228fbc2
22dce5187adf6e91913ec239f31d12250d2a648b;Commits;191;https:\\github.com\schacon\ticgit\commit\22dce5187adf6e91913ec239f31d12250d2a648b
a076080e1d74db090ba1f662e77028536adb5033;Commits;192;https:\\github.com\schacon\ticgit\commit\a076080e1d74db090ba1f662e77028536adb5033
e3667b7c069a6e024fbe87fcee12ae66b8a44cbd;Commits;193;https:\\github.com\schacon\ticgit\commit\e3667b7c069a6e024fbe87fcee12ae66b8a44cbd
2e1d4e622f0c839617ac49bbf0c8ada073e1c764;Commits;194;https:\\github.com\schacon\ticgit\commit\2e1d4e622f0c839617ac49bbf0c8ada073e1c764
aa502752261eff40086ab5950b014c01b6b55382;Commits;195;https:\\github.com\schacon\ticgit\commit\aa502752261eff40086ab5950b014c01b6b55382
5620a612348d8f92911aa7d5064d0e68460b8990;Commits;196;https:\\github.com\schacon\ticgit\commit\5620a612348d8f92911aa7d5064d0e68460b8990
07370e5ec0b888c615b910eec21927c5583497f6;Commits;197;https:\\github.com\schacon\ticgit\commit\07370e5ec0b888c615b910eec21927c5583497f6
7d0aa49864df16dfa58fc6c12f000f6ee85fd405;Commits;198;https:\\github.com\schacon\ticgit\commit\7d0aa49864df16dfa58fc6c12f000f6ee85fd405
7c50d3e399d9dfb62b89a6a109fd0fef1d0f8483;Commits;199;https:\\github.com\schacon\ticgit\commit\7c50d3e399d9dfb62b89a6a109fd0fef1d0f8483
f7d6ca9498806cf96f6decbf03ef0701fae5f037;Commits;200;https:\\github.com\schacon\ticgit\commit\f7d6ca9498806cf96f6decbf03ef0701fae5f037
07c0e39d95f1c0016eb17082d7336865054da529;Commits;201;https:\\github.com\schacon\ticgit\commit\07c0e39d95f1c0016eb17082d7336865054da529
b424798ac1718e10ad4fae0b36163f334dd0a823;Commits;202;https:\\github.com\schacon\ticgit\commit\b424798ac1718e10ad4fae0b36163f334dd0a823
d3b75aad72cb78682716e77f5cba879034600a8f;Commits;203;https:\\github.com\schacon\ticgit\commit\d3b75aad72cb78682716e77f5cba879034600a8f
9deab2d37997ef3c1e02d437ac7a0f4695ae2360;Commits;204;https:\\github.com\schacon\ticgit\commit\9deab2d37997ef3c1e02d437ac7a0f4695ae2360
5ce33a2e21dc7367214ccb9c5b6dc154dfd10855;Commits;205;https:\\github.com\schacon\ticgit\commit\5ce33a2e21dc7367214ccb9c5b6dc154dfd10855
04505e54c0655ece3c7aaba11a9d379fdf7e9454;Commits;206;https:\\github.com\schacon\ticgit\commit\04505e54c0655ece3c7aaba11a9d379fdf7e9454
627844f2c817b3601bc25b36ae3d6dd12740e67b;Commits;207;https:\\github.com\schacon\ticgit\commit\627844f2c817b3601bc25b36ae3d6dd12740e67b
8ead7c0d46c0763b7735165f1be0ae4e99a50969;Commits;208;https:\\github.com\schacon\ticgit\commit\8ead7c0d46c0763b7735165f1be0ae4e99a50969
41940a30d606f70a0223263085040c27d8cf5745;Commits;209;https:\\github.com\schacon\ticgit\commit\41940a30d606f70a0223263085040c27d8cf5745
d1b079292b1d74a4cb355789f03410cca9d45ee7;Commits;210;https:\\github.com\schacon\ticgit\commit\d1b079292b1d74a4cb355789f03410cca9d45ee7
2c594afac5fe3a1c63cda53489fa3ffc8fb1cabc;Commits;211;https:\\github.com\schacon\ticgit\commit\2c594afac5fe3a1c63cda53489fa3ffc8fb1cabc
08a01bc91d6aa5ba775647cbc2ffe97b92ee732d;Commits;212;https:\\github.com\schacon\ticgit\commit\08a01bc91d6aa5ba775647cbc2ffe97b92ee732d
979d20231de54c9d6ccf1aa96f5413fe9b77903b;Commits;213;https:\\github.com\schacon\ticgit\commit\979d20231de54c9d6ccf1aa96f5413fe9b77903b
14f49fdae71d62a21944fd4c1c34fb4e3c4a630b;Commits;214;https:\\github.com\schacon\ticgit\commit\14f49fdae71d62a21944fd4c1c34fb4e3c4a630b
f9f642a2c9d388608aab0f4ebb3e70553f951566;Commits;215;https:\\github.com\schacon\ticgit\commit\f9f642a2c9d388608aab0f4ebb3e70553f951566
cc7e62c2d4f45cd3f4a2ed354650165399497cc2;Commits;216;https:\\github.com\schacon\ticgit\commit\cc7e62c2d4f45cd3f4a2ed354650165399497cc2
47ffda7a4d0ed24b978f3143a8a4969aeadcf6ce;Commits;217;https:\\github.com\schacon\ticgit\commit\47ffda7a4d0ed24b978f3143a8a4969aeadcf6ce
9ac66fb282a891e9f3299eaaf2338002e4121499;Commits;218;https:\\github.com\schacon\ticgit\commit\9ac66fb282a891e9f3299eaaf2338002e4121499
0da636973313259e22ba440a2cd1e74b7876bb66;Commits;219;https:\\github.com\schacon\ticgit\commit\0da636973313259e22ba440a2cd1e74b7876bb66
204a2f535693218cb8e13c059f4cd3d283c277d3;Commits;220;https:\\github.com\schacon\ticgit\commit\204a2f535693218cb8e13c059f4cd3d283c277d3
2323ccbd4438cfbb6683239cb551694187ff73fc;Commits;221;https:\\github.com\schacon\ticgit\commit\2323ccbd4438cfbb6683239cb551694187ff73fc
7423b6eaad2ff98683432fafdf778cc94180d40a;Commits;222;https:\\github.com\schacon\ticgit\commit\7423b6eaad2ff98683432fafdf778cc94180d40a
e4932587f8eee941565849c8ac9fa56bfb4a000a;Commits;223;https:\\github.com\schacon\ticgit\commit\e4932587f8eee941565849c8ac9fa56bfb4a000a
40196c4b6e61b0c3652e2c69c1686a42484af8be;Commits;224;https:\\github.com\schacon\ticgit\commit\40196c4b6e61b0c3652e2c69c1686a42484af8be
67e361826bed295526688cd5b8054d6936ef015c;Commits;225;https:\\github.com\schacon\ticgit\commit\67e361826bed295526688cd5b8054d6936ef015c
8eda74debc75b2ec3c37792e6fc38b465dd405fb;Commits;226;https:\\github.com\schacon\ticgit\commit\8eda74debc75b2ec3c37792e6fc38b465dd405fb
4f4e8c8dff47b0a6ceb694d4e2670fee126e2959;Commits;227;https:\\github.com\schacon\ticgit\commit\4f4e8c8dff47b0a6ceb694d4e2670fee126e2959
0aba4ff790c631f590d3077653588518f895272b;Commits;228;https:\\github.com\schacon\ticgit\commit\0aba4ff790c631f590d3077653588518f895272b
289faabce895eb89290502a81de25a16fd6280df;Commits;229;https:\\github.com\schacon\ticgit\commit\289faabce895eb89290502a81de25a16fd6280df
2268c45c384c46aebe0543cd2fbb69aeaec0ebaa;Commits;230;https:\\github.com\schacon\ticgit\commit\2268c45c384c46aebe0543cd2fbb69aeaec0ebaa
02aae5b17d950491f6649836cfff3837f0efac20;Commits;231;https:\\github.com\schacon\ticgit\commit\02aae5b17d950491f6649836cfff3837f0efac20
5350901efc484a9f07cc643df38de908d2586502;Commits;232;https:\\github.com\schacon\ticgit\commit\5350901efc484a9f07cc643df38de908d2586502
e03568743db60e021284487a30f661269a222ea0;Commits;233;https:\\github.com\schacon\ticgit\commit\e03568743db60e021284487a30f661269a222ea0
5b85fe901f21d3ad660c8003cc0451d3a582ecc1;Commits;234;https:\\github.com\schacon\ticgit\commit\5b85fe901f21d3ad660c8003cc0451d3a582ecc1
ce6a659547d55c7f9eb34622972da5a9b843f885;Commits;235;https:\\github.com\schacon\ticgit\commit\ce6a659547d55c7f9eb34622972da5a9b843f885
4aee7f39ea3ee1ad6821417ecddb7375c433141e;Commits;236;https:\\github.com\schacon\ticgit\commit\4aee7f39ea3ee1ad6821417ecddb7375c433141e
cd6162df651dcd1ae11d6376fd3f5b8d180438a8;Commits;237;https:\\github.com\schacon\ticgit\commit\cd6162df651dcd1ae11d6376fd3f5b8d180438a8
b832a05ebe93a114684d19f258cc4c8d33fb7407;Commits;238;https:\\github.com\schacon\ticgit\commit\b832a05ebe93a114684d19f258cc4c8d33fb7407
d8eb090b3ada477a3a1c935604116eabfe442cdc;Commits;239;https:\\github.com\schacon\ticgit\commit\d8eb090b3ada477a3a1c935604116eabfe442cdc
3cdd2d5c078859e06d04e76460821e6fc820ae31;Commits;240;https:\\github.com\schacon\ticgit\commit\3cdd2d5c078859e06d04e76460821e6fc820ae31
2b5db39607a8532631a930693b11ab6f227b6ea3;Commits;241;https:\\github.com\schacon\ticgit\commit\2b5db39607a8532631a930693b11ab6f227b6ea3
50b1f471d08628164bd02518ef7b2ff66fd98f2b;Commits;242;https:\\github.com\schacon\ticgit\commit\50b1f471d08628164bd02518ef7b2ff66fd98f2b
0178a68eb37d1013ec343f9eef476ac56e9926cc;Commits;243;https:\\github.com\schacon\ticgit\commit\0178a68eb37d1013ec343f9eef476ac56e9926cc
c1c7bc7ca984ebf4dc62a5a4b8d3a14eeffaea75;Commits;244;https:\\github.com\schacon\ticgit\commit\c1c7bc7ca984ebf4dc62a5a4b8d3a14eeffaea75
dde7f5fe4a8be34d3e3538d3d5352125f6e8b6fd;Commits;245;https:\\github.com\schacon\ticgit\commit\dde7f5fe4a8be34d3e3538d3d5352125f6e8b6fd
de80574236df9b64841389db8c5e729199a5ffad;Commits;246;https:\\github.com\schacon\ticgit\commit\de80574236df9b64841389db8c5e729199a5ffad
16e00d8c60e289931d3d7f312296cffb7f5fc427;Commits;247;https:\\github.com\schacon\ticgit\commit\16e00d8c60e289931d3d7f312296cffb7f5fc427
159f9b343e84a1ac4eee716194b2c3ae3769cb7f;Commits;248;https:\\github.com\schacon\ticgit\commit\159f9b343e84a1ac4eee716194b2c3ae3769cb7f
c8b979ce19e9483903b86cdc1dd45721d1c0d470;Commits;249;https:\\github.com\schacon\ticgit\commit\c8b979ce19e9483903b86cdc1dd45721d1c0d470
cd95b7eb8d8fb7560dc820b1e20edff427429707;Commits;250;https:\\github.com\schacon\ticgit\commit\cd95b7eb8d8fb7560dc820b1e20edff427429707
b3600a8a5d5a8b0d437c01a36feebf20f07098e0;Commits;251;https:\\github.com\schacon\ticgit\commit\b3600a8a5d5a8b0d437c01a36feebf20f07098e0
ed21212af05797c84c7f0d05a598a8939f4ef61e;Commits;252;https:\\github.com\schacon\ticgit\commit\ed21212af05797c84c7f0d05a598a8939f4ef61e
5910c03435fa35d18cf0a7086b98981a650c014a;Commits;253;https:\\github.com\schacon\ticgit\commit\5910c03435fa35d18cf0a7086b98981a650c014a
b75f58cdd5bf3973aeab30229126214d2f199a57;Commits;254;https:\\github.com\schacon\ticgit\commit\b75f58cdd5bf3973aeab30229126214d2f199a57
f7096dd0890d816e0e5e4e3d04e21a87e8819640;Commits;255;https:\\github.com\schacon\ticgit\commit\f7096dd0890d816e0e5e4e3d04e21a87e8819640
d50dc64a5913876b4053d8ff08260f6ea81596ff;Commits;256;https:\\github.com\schacon\ticgit\commit\d50dc64a5913876b4053d8ff08260f6ea81596ff
a764b612c1a3b7177ebd41d35b633c94f7fece75;Commits;257;https:\\github.com\schacon\ticgit\commit\a764b612c1a3b7177ebd41d35b633c94f7fece75
49fadb453041e97ddb65843dcd89ebe863208dd6;Commits;258;https:\\github.com\schacon\ticgit\commit\49fadb453041e97ddb65843dcd89ebe863208dd6
54f9e24a0193a8b573f7ea5f431066ff2f39c421;Commits;259;https:\\github.com\schacon\ticgit\commit\54f9e24a0193a8b573f7ea5f431066ff2f39c421
78c93db0f3743ce8f35157c252c6b5f53a405168;Commits;260;https:\\github.com\schacon\ticgit\commit\78c93db0f3743ce8f35157c252c6b5f53a405168
48f34b3b28a3df2278430cf8b87b45c971c67d95;Commits;261;https:\\github.com\schacon\ticgit\commit\48f34b3b28a3df2278430cf8b87b45c971c67d95
540974f5cc2a201dd4363b480f96e94f1bf0a815;Commits;262;https:\\github.com\schacon\ticgit\commit\540974f5cc2a201dd4363b480f96e94f1bf0a815
6e453f523fa1da50ecb04431101112b3611c6a4d;Commits;263;https:\\github.com\schacon\ticgit\commit\6e453f523fa1da50ecb04431101112b3611c6a4d
21e97df022d930c5f86a16eea127771fd63b0ec8;Commits;264;https:\\github.com\schacon\ticgit\commit\21e97df022d930c5f86a16eea127771fd63b0ec8
e0df90a96f9ea7cdda1bfc0b7b1f3fe132af0639;Commits;265;https:\\github.com\schacon\ticgit\commit\e0df90a96f9ea7cdda1bfc0b7b1f3fe132af0639
86535a7eea03c115a3393995866e20ba6f6d4b8e;Commits;266;https:\\github.com\schacon\ticgit\commit\86535a7eea03c115a3393995866e20ba6f6d4b8e
185bc8fe19f3bc67095f286f803e41554dedd550;Commits;267;https:\\github.com\schacon\ticgit\commit\185bc8fe19f3bc67095f286f803e41554dedd550
88dc65cea86a29444bea3fded7e216564db0447c;Commits;268;https:\\github.com\schacon\ticgit\commit\88dc65cea86a29444bea3fded7e216564db0447c
b2b6edc71a4102a5211ee3a351078d26af71affd;Commits;269;https:\\github.com\schacon\ticgit\commit\b2b6edc71a4102a5211ee3a351078d26af71affd
49f6312bb4852499d505578d58ddf2306316101c;Commits;270;https:\\github.com\schacon\ticgit\commit\49f6312bb4852499d505578d58ddf2306316101c
79437ce7c6606f5d54f230db10e5ee92352fa67b;Commits;271;https:\\github.com\schacon\ticgit\commit\79437ce7c6606f5d54f230db10e5ee92352fa67b
9e554f2179494230f8c21ef06cc5fa50ed322390;Commits;272;https:\\github.com\schacon\ticgit\commit\9e554f2179494230f8c21ef06cc5fa50ed322390
2e0cd2a18c20d6bd44457006d6acf84d023969d9;Commits;273;https:\\github.com\schacon\ticgit\commit\2e0cd2a18c20d6bd44457006d6acf84d023969d9
ef7673f23250b364584c91ffb6cd943b18b4a507;Commits;274;https:\\github.com\schacon\ticgit\commit\ef7673f23250b364584c91ffb6cd943b18b4a507
d1a4b40875b6c942012132fb132235d3c0786abd;Commits;275;https:\\github.com\schacon\ticgit\commit\d1a4b40875b6c942012132fb132235d3c0786abd
847256809a3d518cd36b8f81859401416fe8d945;Commits;276;https:\\github.com\schacon\ticgit\commit\847256809a3d518cd36b8f81859401416fe8d945
11bb2def7a51f36c81e5f244231bbb87ba37be1a;Commits;277;https:\\github.com\schacon\ticgit\commit\11bb2def7a51f36c81e5f244231bbb87ba37be1a
116613a8be6dbe5c4d40237063381e028fec8e65;Commits;278;https:\\github.com\schacon\ticgit\commit\116613a8be6dbe5c4d40237063381e028fec8e65
cddbc2d07c2df079df70d5180611a8d2066bf9e4;Commits;279;https:\\github.com\schacon\ticgit\commit\cddbc2d07c2df079df70d5180611a8d2066bf9e4
1e60fbd4bfec7fdb45e7cae590cd82b4aa918fca;Commits;280;https:\\github.com\schacon\ticgit\commit\1e60fbd4bfec7fdb45e7cae590cd82b4aa918fca
f065c2c9204d3a5be30b0f19d1455c3dfa3debfa;Commits;281;https:\\github.com\schacon\ticgit\commit\f065c2c9204d3a5be30b0f19d1455c3dfa3debfa
82b04aa8a17f9049a50d372aba0a5685db4f175f;Commits;282;https:\\github.com\schacon\ticgit\commit\82b04aa8a17f9049a50d372aba0a5685db4f175f
b2e941d468d79761acf7bd5f4db3eac9c0bca6d5;Commits;283;https:\\github.com\schacon\ticgit\commit\b2e941d468d79761acf7bd5f4db3eac9c0bca6d5
52a2b2d7e30007a64c0fa06ef47af3843b4e27ea;Commits;284;https:\\github.com\schacon\ticgit\commit\52a2b2d7e30007a64c0fa06ef47af3843b4e27ea
7482e0d16d04bea79d0dba8988cc78df655f16a0;Commits;285;https:\\github.com\schacon\ticgit\commit\7482e0d16d04bea79d0dba8988cc78df655f16a0
5100c9f96511b069d943fd0a86a5755fe9744633;Commits;286;https:\\github.com\schacon\ticgit\commit\5100c9f96511b069d943fd0a86a5755fe9744633
ef0b7c0bc8bb4d60f38550e188cbbfc6add4dd22;Commits;287;https:\\github.com\schacon\ticgit\commit\ef0b7c0bc8bb4d60f38550e188cbbfc6add4dd22
2b09815c6eaacbc694a1549a004e5b9c43e3b7d7;Commits;288;https:\\github.com\schacon\ticgit\commit\2b09815c6eaacbc694a1549a004e5b9c43e3b7d7
7ae7ddced1214414000113759f8f53d0916cc5e6;Commits;289;https:\\github.com\schacon\ticgit\commit\7ae7ddced1214414000113759f8f53d0916cc5e6
70efd53240e71aba7f6b529cf251c0f6a6829a59;Commits;290;https:\\github.com\schacon\ticgit\commit\70efd53240e71aba7f6b529cf251c0f6a6829a59
63e05ec0e624c268c771b05e2d33953231ae0a85;Commits;291;https:\\github.com\schacon\ticgit\commit\63e05ec0e624c268c771b05e2d33953231ae0a85
57e629dd9f3190965b382ac622fe97488fe6d2aa;Commits;292;https:\\github.com\schacon\ticgit\commit\57e629dd9f3190965b382ac622fe97488fe6d2aa
a5b76b0d014b12b4d61e30f33689ad7b1ca3a6a8;Commits;293;https:\\github.com\schacon\ticgit\commit\a5b76b0d014b12b4d61e30f33689ad7b1ca3a6a8
9963b19254d1f88888250596e7466754e2ca48f7;Commits;294;https:\\github.com\schacon\ticgit\commit\9963b19254d1f88888250596e7466754e2ca48f7
af0b4baf02a15c84e5ecbe6122e0b6c8558a560d;Commits;295;https:\\github.com\schacon\ticgit\commit\af0b4baf02a15c84e5ecbe6122e0b6c8558a560d
80d85e2a75de960fef16873a6de7569a6c4a6950;Commits;296;https:\\github.com\schacon\ticgit\commit\80d85e2a75de960fef16873a6de7569a6c4a6950
b3852b1ce9aa87f6ec3b229984f51c297e3b9563;Commits;297;https:\\github.com\schacon\ticgit\commit\b3852b1ce9aa87f6ec3b229984f51c297e3b9563
c7adc2cc2d7668667eea0b5bb2fd24e69ad581c9;Commits;298;https:\\github.com\schacon\ticgit\commit\c7adc2cc2d7668667eea0b5bb2fd24e69ad581c9
b2655f3d91a61160406c429b96c8143e077c7261;Commits;299;https:\\github.com\schacon\ticgit\commit\b2655f3d91a61160406c429b96c8143e077c7261
de50adc02564d4f4fd311af0b54827d0e379c238;Commits;300;https:\\github.com\schacon\ticgit\commit\de50adc02564d4f4fd311af0b54827d0e379c238
242446c7bc72ec6d7d98fcf1fa647420899d91ce;Commits;301;https:\\github.com\schacon\ticgit\commit\242446c7bc72ec6d7d98fcf1fa647420899d91ce
12872d3ae445082086136562e62cb5aada9718b5;Commits;302;https:\\github.com\schacon\ticgit\commit\12872d3ae445082086136562e62cb5aada9718b5
727f136c9fba4922e00dd34a1769f1b3f51c02ed;Commits;303;https:\\github.com\schacon\ticgit\commit\727f136c9fba4922e00dd34a1769f1b3f51c02ed
a92f983a0c26348f00282482c605d33788072903;Commits;304;https:\\github.com\schacon\ticgit\commit\a92f983a0c26348f00282482c605d33788072903
b9f53019fc457bbb7ef4fc54a5c23b638a9a61f5;Commits;305;https:\\github.com\schacon\ticgit\commit\b9f53019fc457bbb7ef4fc54a5c23b638a9a61f5
fe8dd665fafc0cb24ad7f5e19d6d940af9e18931;Commits;306;https:\\github.com\schacon\ticgit\commit\fe8dd665fafc0cb24ad7f5e19d6d940af9e18931
cc08b7b046bf2a0eaa6c4caa600b5f017bba3742;Commits;307;https:\\github.com\schacon\ticgit\commit\cc08b7b046bf2a0eaa6c4caa600b5f017bba3742
222b918e0c322308fb61b3f1255d5e266b02c2cf;Commits;308;https:\\github.com\schacon\ticgit\commit\222b918e0c322308fb61b3f1255d5e266b02c2cf
ec0b1d7963f066ba20ffbb8960f4ccc015ef2691;Commits;309;https:\\github.com\schacon\ticgit\commit\ec0b1d7963f066ba20ffbb8960f4ccc015ef2691
d33bd955f464a930b68bbc106561a7272850ee92;Commits;310;https:\\github.com\schacon\ticgit\commit\d33bd955f464a930b68bbc106561a7272850ee92
d4b164b0da94e7f900ab809c23cc8f40951d81bd;Commits;311;https:\\github.com\schacon\ticgit\commit\d4b164b0da94e7f900ab809c23cc8f40951d81bd
1e555e52f137cd5b125c2a028c42629f3e088f50;Commits;312;https:\\github.com\schacon\ticgit\commit\1e555e52f137cd5b125c2a028c42629f3e088f50
0cdcd2772c8472e8e5ba49d4a831bd87e61eaa62;Commits;313;https:\\github.com\schacon\ticgit\commit\0cdcd2772c8472e8e5ba49d4a831bd87e61eaa62
8dafd145423c5bda48247f57a87ddd63a6b2767a;Commits;314;https:\\github.com\schacon\ticgit\commit\8dafd145423c5bda48247f57a87ddd63a6b2767a
5cec69234bcabaf730dc02ac46832e4d80dd9350;Commits;315;https:\\github.com\schacon\ticgit\commit\5cec69234bcabaf730dc02ac46832e4d80dd9350
189325ac102b21876c64ac59d278ab9490cd6f48;Commits;316;https:\\github.com\schacon\ticgit\commit\189325ac102b21876c64ac59d278ab9490cd6f48
57652010a5e840dd1bdee4ee09669455d5eaa689;Commits;317;https:\\github.com\schacon\ticgit\commit\57652010a5e840dd1bdee4ee09669455d5eaa689
e6fc9871bf4dd6a66302e581f170a8c3ccc405dc;Commits;318;https:\\github.com\schacon\ticgit\commit\e6fc9871bf4dd6a66302e581f170a8c3ccc405dc
10a81b8159f70b4b9ccf996e26fa39dc2be92ceb;Commits;319;https:\\github.com\schacon\ticgit\commit\10a81b8159f70b4b9ccf996e26fa39dc2be92ceb
0c34aff165bc0eb58ff4b0dc931b9f6e9bdb51a8;Commits;320;https:\\github.com\schacon\ticgit\commit\0c34aff165bc0eb58ff4b0dc931b9f6e9bdb51a8
7f4450bbd0249139201cbbaa40c2cb91f7f01cc6;Commits;321;https:\\github.com\schacon\ticgit\commit\7f4450bbd0249139201cbbaa40c2cb91f7f01cc6
288bc557b3e04e1bed38708d5d9468b28c8e4d83;Commits;322;https:\\github.com\schacon\ticgit\commit\288bc557b3e04e1bed38708d5d9468b28c8e4d83
275ee9ec801cd5009ba0018a5ef7091815351d46;Commits;323;https:\\github.com\schacon\ticgit\commit\275ee9ec801cd5009ba0018a5ef7091815351d46
dd56df49a09621349c4623670e0ed5b71ebe2aa3;Commits;324;https:\\github.com\schacon\ticgit\commit\dd56df49a09621349c4623670e0ed5b71ebe2aa3
7f367f3113649436bdc77b03a68c907496fcdf4f;Commits;325;https:\\github.com\schacon\ticgit\commit\7f367f3113649436bdc77b03a68c907496fcdf4f
6c643fc0bf4c33e225fbffa0f347b4e2cb3496da;Commits;326;https:\\github.com\schacon\ticgit\commit\6c643fc0bf4c33e225fbffa0f347b4e2cb3496da
ac6be100b4c32be86daefe6791d9a491e0fa3133;Commits;327;https:\\github.com\schacon\ticgit\commit\ac6be100b4c32be86daefe6791d9a491e0fa3133
ea747b72f4dbb215aea51131f4b255a320e81347;Commits;328;https:\\github.com\schacon\ticgit\commit\ea747b72f4dbb215aea51131f4b255a320e81347
e62745296e518bf6b4fc233f33da365db3bb80ca;Commits;329;https:\\github.com\schacon\ticgit\commit\e62745296e518bf6b4fc233f33da365db3bb80ca
9ff44b7f67de9173ec4a470b1daf9799b25aed27;Commits;330;https:\\github.com\schacon\ticgit\commit\9ff44b7f67de9173ec4a470b1daf9799b25aed27
098c3514fc976308e98cc82b18886f764eac7b3a;Commits;331;https:\\github.com\schacon\ticgit\commit\098c3514fc976308e98cc82b18886f764eac7b3a
c0da1088395566aa09625682c7727592ae0116c2;Commits;332;https:\\github.com\schacon\ticgit\commit\c0da1088395566aa09625682c7727592ae0116c2
097d245cf10fe53653b2e478a4b9db1a7d84fab6;Commits;333;https:\\github.com\schacon\ticgit\commit\097d245cf10fe53653b2e478a4b9db1a7d84fab6
d510f3b072d3015a7a7af5fce24efca9f38d7b49;Commits;334;https:\\github.com\schacon\ticgit\commit\d510f3b072d3015a7a7af5fce24efca9f38d7b49
b1539fdc05572d0ad76c558d1e4deae3f2221d3c;Commits;335;https:\\github.com\schacon\ticgit\commit\b1539fdc05572d0ad76c558d1e4deae3f2221d3c
ee278ad260e6ce3c56037b3c0fc89fb7e7896b07;Commits;336;https:\\github.com\schacon\ticgit\commit\ee278ad260e6ce3c56037b3c0fc89fb7e7896b07
16bce1e70e7286d952aec3c36c0897c01e6478dc;Commits;337;https:\\github.com\schacon\ticgit\commit\16bce1e70e7286d952aec3c36c0897c01e6478dc
912945b92720c48a182b92ca8ad897a3958b7239;Commits;338;https:\\github.com\schacon\ticgit\commit\912945b92720c48a182b92ca8ad897a3958b7239
d738aa705cbdf5839eae011bb448e594fde859ee;Commits;339;https:\\github.com\schacon\ticgit\commit\d738aa705cbdf5839eae011bb448e594fde859ee
e5d4729f4b7d54c99a6136cb5cfbefb190d60a81;Commits;340;https:\\github.com\schacon\ticgit\commit\e5d4729f4b7d54c99a6136cb5cfbefb190d60a81
c67e16ebd1ea4ce898b898e45f12f5a49002d270;Commits;341;https:\\github.com\schacon\ticgit\commit\c67e16ebd1ea4ce898b898e45f12f5a49002d270
ba96a9f75438fd2841942daed64da7a8ddd0457a;Commits;342;https:\\github.com\schacon\ticgit\commit\ba96a9f75438fd2841942daed64da7a8ddd0457a
534a9579c33ceaf2a971317a37599bc7d1ec921d;Commits;343;https:\\github.com\schacon\ticgit\commit\534a9579c33ceaf2a971317a37599bc7d1ec921d
a76e06d42fc852ce3e319974e7a280fda4de63a3;Commits;344;https:\\github.com\schacon\ticgit\commit\a76e06d42fc852ce3e319974e7a280fda4de63a3
5e4eabbe3a85513af03ee5a60fb08711f36b5f21;Commits;345;https:\\github.com\schacon\ticgit\commit\5e4eabbe3a85513af03ee5a60fb08711f36b5f21
aa37cc74db1b56a6b215dc0ec3c24975d1234b5f;Commits;346;https:\\github.com\schacon\ticgit\commit\aa37cc74db1b56a6b215dc0ec3c24975d1234b5f
78c09022749df1c3566b48f115e567f641db73b4;Commits;347;https:\\github.com\schacon\ticgit\commit\78c09022749df1c3566b48f115e567f641db73b4
d078177d0161f6ba54f5ecb1c9eb80a5a6c76bc1;Commits;348;https:\\github.com\schacon\ticgit\commit\d078177d0161f6ba54f5ecb1c9eb80a5a6c76bc1
0155c5f5f4ba44a075abb1fb4ad5d9a3d324e337;Commits;349;https:\\github.com\schacon\ticgit\commit\0155c5f5f4ba44a075abb1fb4ad5d9a3d324e337
6e575575788f34a5fe05aa269183cb4f7a6b4243;Commits;350;https:\\github.com\schacon\ticgit\commit\6e575575788f34a5fe05aa269183cb4f7a6b4243
5928072398f86332d48c5dc0fb709425d246a9c7;Commits;351;https:\\github.com\schacon\ticgit\commit\5928072398f86332d48c5dc0fb709425d246a9c7
d217ce029f498fc5066d001413e1853298564174;Commits;352;https:\\github.com\schacon\ticgit\commit\d217ce029f498fc5066d001413e1853298564174
4b21d2e76a602aef77502b1e4e521964f1833f67;Commits;353;https:\\github.com\schacon\ticgit\commit\4b21d2e76a602aef77502b1e4e521964f1833f67
437ac6caab6e89f822f693c74f678680c1a8e410;Commits;354;https:\\github.com\schacon\ticgit\commit\437ac6caab6e89f822f693c74f678680c1a8e410
a5ccaa265db4ca6297f2b80bc73e1801f9644056;Commits;355;https:\\github.com\schacon\ticgit\commit\a5ccaa265db4ca6297f2b80bc73e1801f9644056
e1e1bc4722faf0d526e7aea2faa81d15cff043b0;Commits;356;https:\\github.com\schacon\ticgit\commit\e1e1bc4722faf0d526e7aea2faa81d15cff043b0
793239b4976f3cd9ae523392d8e19b8c31ecf610;Commits;357;https:\\github.com\schacon\ticgit\commit\793239b4976f3cd9ae523392d8e19b8c31ecf610
6a9739584f182ce0561a58a5c0caa61efd183bc4;Commits;358;https:\\github.com\schacon\ticgit\commit\6a9739584f182ce0561a58a5c0caa61efd183bc4
e304580beff2751b26ce41ebd62b659f3c6819a2;Commits;359;https:\\github.com\schacon\ticgit\commit\e304580beff2751b26ce41ebd62b659f3c6819a2
5f462acaa08b15533df92db1375e756c65e7ed68;Commits;360;https:\\github.com\schacon\ticgit\commit\5f462acaa08b15533df92db1375e756c65e7ed68
6749cd6a2be134aa8e24b4225ec88642403e66cf;Commits;361;https:\\github.com\schacon\ticgit\commit\6749cd6a2be134aa8e24b4225ec88642403e66cf
dfab2ee1b87795f1ffc6a1a3ad895783924d675d;Commits;362;https:\\github.com\schacon\ticgit\commit\dfab2ee1b87795f1ffc6a1a3ad895783924d675d
2e220dd05e210d563e04647c79ac202347de13bf;Commits;363;https:\\github.com\schacon\ticgit\commit\2e220dd05e210d563e04647c79ac202347de13bf
05e386946f8dd14a49d560fa4e5881b0edcb9bfa;Commits;364;https:\\github.com\schacon\ticgit\commit\05e386946f8dd14a49d560fa4e5881b0edcb9bfa
05b6ccf433038b6b8b2b75c30f33bdbf1e4bb49c;Commits;365;https:\\github.com\schacon\ticgit\commit\05b6ccf433038b6b8b2b75c30f33bdbf1e4bb49c
2b6824d3176c2ad6021e3dfd337aa2548e48779d;Commits;366;https:\\github.com\schacon\ticgit\commit\2b6824d3176c2ad6021e3dfd337aa2548e48779d
2692583fb8cb0fc7e04fd5fff7fb8e4fc4630d4d;Commits;367;https:\\github.com\schacon\ticgit\commit\2692583fb8cb0fc7e04fd5fff7fb8e4fc4630d4d
a3d385e193a8e002a39cd3daf19007d7d6f05b04;Commits;368;https:\\github.com\schacon\ticgit\commit\a3d385e193a8e002a39cd3daf19007d7d6f05b04
822d6a195a1b2b237e8c922ef1119b151f70eb41;Commits;369;https:\\github.com\schacon\ticgit\commit\822d6a195a1b2b237e8c922ef1119b151f70eb41
0d3907793e69a609bfa7912a36a6d22d4f633a8b;Commits;370;https:\\github.com\schacon\ticgit\commit\0d3907793e69a609bfa7912a36a6d22d4f633a8b
aeb9309020d85a13123b96405823071f5728a22f;Commits;371;https:\\github.com\schacon\ticgit\commit\aeb9309020d85a13123b96405823071f5728a22f
b365460a8240ce5d722c10d62b2931cfd819b0e2;Commits;372;https:\\github.com\schacon\ticgit\commit\b365460a8240ce5d722c10d62b2931cfd819b0e2
36c7dba2c95e6bbb78dfa822519ecfec6e1ca649;Commits;373;https:\\github.com\schacon\ticgit\commit\36c7dba2c95e6bbb78dfa822519ecfec6e1ca649
37b3936df39361464167ce5ac5048f3ce8587252;Commits;374;https:\\github.com\schacon\ticgit\commit\37b3936df39361464167ce5ac5048f3ce8587252
598fad062f561416f44a43f19c0edfed0d33f8a9;Commits;375;https:\\github.com\schacon\ticgit\commit\598fad062f561416f44a43f19c0edfed0d33f8a9
6f87d522806e75fb303912afcfb481932ab2011d;Commits;376;https:\\github.com\schacon\ticgit\commit\6f87d522806e75fb303912afcfb481932ab2011d
9901f07030d745f7e2950aa96bf6fa8d1bdf020b;Commits;377;https:\\github.com\schacon\ticgit\commit\9901f07030d745f7e2950aa96bf6fa8d1bdf020b
ba03636a4d7a39ac3dc14fd6e05c593acd8a9a50;Commits;378;https:\\github.com\schacon\ticgit\commit\ba03636a4d7a39ac3dc14fd6e05c593acd8a9a50
6a13fe29d113829417ab7588ea09202a9bf7e6b9;Commits;379;https:\\github.com\schacon\ticgit\commit\6a13fe29d113829417ab7588ea09202a9bf7e6b9
b181062349bba5450fa64731db07588faccd211a;Commits;380;https:\\github.com\schacon\ticgit\commit\b181062349bba5450fa64731db07588faccd211a
c059956be62c4fcd1215385343caa69170547e6b;Commits;381;https:\\github.com\schacon\ticgit\commit\c059956be62c4fcd1215385343caa69170547e6b
9ba6af0fdc7b39cf0ece882ba78fa0962ef706bd;Commits;382;https:\\github.com\schacon\ticgit\commit\9ba6af0fdc7b39cf0ece882ba78fa0962ef706bd
b7337d1c9a291bcba0c5266f34769efd6972498e;Commits;383;https:\\github.com\schacon\ticgit\commit\b7337d1c9a291bcba0c5266f34769efd6972498e
f0ed837740daeef53cb8d9209d694d1e69fc8f2e;Commits;384;https:\\github.com\schacon\ticgit\commit\f0ed837740daeef53cb8d9209d694d1e69fc8f2e
871eb64b61414d9633b8056ddb3d66e77609f8a6;Commits;385;https:\\github.com\schacon\ticgit\commit\871eb64b61414d9633b8056ddb3d66e77609f8a6
5816e189c971295960ac28e2c5e5feebe3da99c1;Commits;386;https:\\github.com\schacon\ticgit\commit\5816e189c971295960ac28e2c5e5feebe3da99c1
8dfb32e0a100072e5fcec5374ff730bdb81afb8f;Commits;387;https:\\github.com\schacon\ticgit\commit\8dfb32e0a100072e5fcec5374ff730bdb81afb8f
a761187ba19f107be2d17ccafadd02c7eeb39f33;Commits;388;https:\\github.com\schacon\ticgit\commit\a761187ba19f107be2d17ccafadd02c7eeb39f33
f7f9ea4b26e09c96060668ad0ba02f6c586a679e;Commits;389;https:\\github.com\schacon\ticgit\commit\f7f9ea4b26e09c96060668ad0ba02f6c586a679e
19f9d10049d69a53f95b5b0813804d431bf4ecc0;Commits;390;https:\\github.com\schacon\ticgit\commit\19f9d10049d69a53f95b5b0813804d431bf4ecc0
4f7043d484f9ff7852cec1cbc0af823961642fa8;Commits;391;https:\\github.com\schacon\ticgit\commit\4f7043d484f9ff7852cec1cbc0af823961642fa8
750aeac53d719ef0f2f3b994103f2d78ebb83998;Commits;392;https:\\github.com\schacon\ticgit\commit\750aeac53d719ef0f2f3b994103f2d78ebb83998
8888851bee98dd0d1791883de28b0b4d16030c79;Commits;393;https:\\github.com\schacon\ticgit\commit\8888851bee98dd0d1791883de28b0b4d16030c79
0cf6dc996fb0a296bccfc5b70200bb212b714cd9;Commits;394;https:\\github.com\schacon\ticgit\commit\0cf6dc996fb0a296bccfc5b70200bb212b714cd9
fdc911382bf9248e023820fed0ea233863655642;Commits;395;https:\\github.com\schacon\ticgit\commit\fdc911382bf9248e023820fed0ea233863655642
aed3743cbf1316203936f277b3ed84f1f49b246e;Commits;396;https:\\github.com\schacon\ticgit\commit\aed3743cbf1316203936f277b3ed84f1f49b246e
646891f815fc723b9609c1d5ece139573e8734f3;Commits;397;https:\\github.com\schacon\ticgit\commit\646891f815fc723b9609c1d5ece139573e8734f3
5f50e8738edafa73f40f7db361620fb870a1e8e6;Commits;398;https:\\github.com\schacon\ticgit\commit\5f50e8738edafa73f40f7db361620fb870a1e8e6
ec2cdff439a0ede6ea72a7ee8548a68c5933f887;Commits;399;https:\\github.com\schacon\ticgit\commit\ec2cdff439a0ede6ea72a7ee8548a68c5933f887
8723800ff015961186d5de972289215df9963945;Commits;400;https:\\github.com\schacon\ticgit\commit\8723800ff015961186d5de972289215df9963945
2e3215afddfbcec89a5c7b11aa0802073cca2cd5;Commits;401;https:\\github.com\schacon\ticgit\commit\2e3215afddfbcec89a5c7b11aa0802073cca2cd5
0638c57fb15c9b65a523a82ff2343de931b35c81;Commits;402;https:\\github.com\schacon\ticgit\commit\0638c57fb15c9b65a523a82ff2343de931b35c81
9cdf93bfb79fcc74eb401f78c370d0fe3e591d54;Commits;403;https:\\github.com\schacon\ticgit\commit\9cdf93bfb79fcc74eb401f78c370d0fe3e591d54
98b5b1a763373a27fd07cf8f869bfcdc01296243;Commits;404;https:\\github.com\schacon\ticgit\commit\98b5b1a763373a27fd07cf8f869bfcdc01296243
3868c63ca4df3c6245ef19d0c92e140f142bfdf1;Commits;405;https:\\github.com\schacon\ticgit\commit\3868c63ca4df3c6245ef19d0c92e140f142bfdf1
37333029070e12a89cae42eb8b8570ca48cae83f;Commits;406;https:\\github.com\schacon\ticgit\commit\37333029070e12a89cae42eb8b8570ca48cae83f
564052e805c8b53d85849dc8041d3fa5ed1654d0;Commits;407;https:\\github.com\schacon\ticgit\commit\564052e805c8b53d85849dc8041d3fa5ed1654d0
386edc221acd1f91334414b2b74cbb693bd3b170;Commits;408;https:\\github.com\schacon\ticgit\commit\386edc221acd1f91334414b2b74cbb693bd3b170
6900740de1b082340c96c8fa025565d3b6ad6678;Commits;409;https:\\github.com\schacon\ticgit\commit\6900740de1b082340c96c8fa025565d3b6ad6678
542567f249f4af0cbf4585a2e48fbc9b9cd090ba;Commits;410;https:\\github.com\schacon\ticgit\commit\542567f249f4af0cbf4585a2e48fbc9b9cd090ba
ac3a9e58990d0c117e85a01808bda6abb19ae954;Commits;411;https:\\github.com\schacon\ticgit\commit\ac3a9e58990d0c117e85a01808bda6abb19ae954
6a4464f461be1d84cbcba2ec26c481a9a06fc8a5;Commits;412;https:\\github.com\schacon\ticgit\commit\6a4464f461be1d84cbcba2ec26c481a9a06fc8a5
d85010c701b4cd52cf8d3eca152bd6aa62280447;Commits;413;https:\\github.com\schacon\ticgit\commit\d85010c701b4cd52cf8d3eca152bd6aa62280447
ebea6fba759fce2e0490720f0cdd28765b847095;Commits;414;https:\\github.com\schacon\ticgit\commit\ebea6fba759fce2e0490720f0cdd28765b847095
896e76df9d29e3acc4d033ccdc7af687876585ee;Commits;415;https:\\github.com\schacon\ticgit\commit\896e76df9d29e3acc4d033ccdc7af687876585ee
de64e48578e1e3e9872d4668f7c0c0c633b50a69;Commits;416;https:\\github.com\schacon\ticgit\commit\de64e48578e1e3e9872d4668f7c0c0c633b50a69
aee79cb959ef156512c6ca077fd763591a58dee0;Commits;417;https:\\github.com\schacon\ticgit\commit\aee79cb959ef156512c6ca077fd763591a58dee0
b5e966968acfe33636c43f49d05c3e3680932a2d;Commits;418;https:\\github.com\schacon\ticgit\commit\b5e966968acfe33636c43f49d05c3e3680932a2d
a3baaaf559d6a29947f1b55910b1b843c071fed0;Commits;419;https:\\github.com\schacon\ticgit\commit\a3baaaf559d6a29947f1b55910b1b843c071fed0
ddd82d8d4257df910091b3a5dffc1f72878dc963;Commits;420;https:\\github.com\schacon\ticgit\commit\ddd82d8d4257df910091b3a5dffc1f72878dc963
e17017b9597da3b71f57bce15ef6c1f6775a05de;Commits;421;https:\\github.com\schacon\ticgit\commit\e17017b9597da3b71f57bce15ef6c1f6775a05de
45ca309ec661151530b4e945f74c08a9e31b8940;Commits;422;https:\\github.com\schacon\ticgit\commit\45ca309ec661151530b4e945f74c08a9e31b8940
27afa7ce172ecc2b44bbda855e6caca1d6c7f7c1;Commits;423;https:\\github.com\schacon\ticgit\commit\27afa7ce172ecc2b44bbda855e6caca1d6c7f7c1
1ff34f380081df72b512bab26ac04db9010257aa;Commits;424;https:\\github.com\schacon\ticgit\commit\1ff34f380081df72b512bab26ac04db9010257aa
beb49ae1302d9e26fa559ce245844073f33c1a66;Commits;425;https:\\github.com\schacon\ticgit\commit\beb49ae1302d9e26fa559ce245844073f33c1a66
06e1ed79d9e5ba14697d03ecd210574db3b7ed08;Commits;426;https:\\github.com\schacon\ticgit\commit\06e1ed79d9e5ba14697d03ecd210574db3b7ed08
f08b5fb6a950243d58744d48bbd9573db0505cf6;Commits;427;https:\\github.com\schacon\ticgit\commit\f08b5fb6a950243d58744d48bbd9573db0505cf6
1f69cea6d55bd6b30b70854a2661899aedb048a4;Commits;428;https:\\github.com\schacon\ticgit\commit\1f69cea6d55bd6b30b70854a2661899aedb048a4
2091e654aa0e825012b782a47dbd704d3ade759a;Commits;429;https:\\github.com\schacon\ticgit\commit\2091e654aa0e825012b782a47dbd704d3ade759a
29231e046ae83502350c677382a31d50ba9c41d9;Commits;430;https:\\github.com\schacon\ticgit\commit\29231e046ae83502350c677382a31d50ba9c41d9
4cbe60b95164bc6a435b8614fd826f13bab78b46;Commits;431;https:\\github.com\schacon\ticgit\commit\4cbe60b95164bc6a435b8614fd826f13bab78b46
0d0c10e8391158066cd00b43d6bb26bbc3619c38;Commits;432;https:\\github.com\schacon\ticgit\commit\0d0c10e8391158066cd00b43d6bb26bbc3619c38
bf8c69ae68d6d10997fadbc460c72f1270cf6a6d;Commits;433;https:\\github.com\schacon\ticgit\commit\bf8c69ae68d6d10997fadbc460c72f1270cf6a6d
afd126a03fd8038c440a3a9ba7bdef4ced66871a;Commits;434;https:\\github.com\schacon\ticgit\commit\afd126a03fd8038c440a3a9ba7bdef4ced66871a
3d6a91c0fdbf03c42b261e62366fc93952f947af;Commits;435;https:\\github.com\schacon\ticgit\commit\3d6a91c0fdbf03c42b261e62366fc93952f947af
6c5d64bf5c799fa17d7b016b8bc54660ba897ca8;Commits;436;https:\\github.com\schacon\ticgit\commit\6c5d64bf5c799fa17d7b016b8bc54660ba897ca8
73217f1c938ffb23dfc168eb3fdc9eb2ec5f61f1;Commits;437;https:\\github.com\schacon\ticgit\commit\73217f1c938ffb23dfc168eb3fdc9eb2ec5f61f1
00e7cf2a72469b64274e1e8c7bf524b5b35129e3;Commits;438;https:\\github.com\schacon\ticgit\commit\00e7cf2a72469b64274e1e8c7bf524b5b35129e3
